{"eta_wc_1": [0.54730396563296457, 0.48649241389596848, 0.43784317250637167, 0.39803924773306509, 0.36486931042197635, 0.33680244038951668, 0.31274512321883691, 0.29189544833758108, 0.27365198281648229, 0.25755480735668917, 0.24324620694798424, 0.23044377500335347, 0.21892158625318583, 0.20849674881255792, 0.19901962386653255, 0.19036659674190071, 0.18243465521098817, 0.17513726900254867], "beta": 0.001, "eta_actual": [0.46636125498971365, 0.38865766030093268, 0.4160443459666075, 0.33138349319980626, 0.34889137619154065, 0.26749382757343926, 0.24028929190071255, 0.24786476912371552, 0.23379138724915446, 0.19994027146255097, 0.17715931392810214, 0.21676657603951766, 0.17900138428855922, 0.18216317124910669, 0.17188012090504531, 0.16573328471923124, 0.17889570532562141, 0.14779545783236708], "eta_Sanov": [0.21586735246819178, 0.19188209108283713, 0.17269388197455343, 0.15699443815868494, 0.14391156831212784, 0.1328414476727334, 0.12335277283896673, 0.11512925464970228, 0.10793367623409589, 0.10158463645561966, 0.09594104554141857, 0.09089151682871233, 0.08634694098727672, 0.08223518189264449, 0.07849721907934247, 0.0750842965106754, 0.07195578415606392, 0.06907755278982136], "k": 1, "n_range": [32, 36, 40, 44, 48, 52, 56, 60, 64, 68, 72, 76, 80, 84, 88, 92, 96, 100], "eta_wc_2": [0.60501646924030072, 0.53779241710248959, 0.48401317539224059, 0.44001197762930966, 0.40334431282686717, 0.37231782722480045, 0.34572369670874331, 0.32267545026149375, 0.30250823462015036, 0.28471363258367094, 0.2688962085512448, 0.2547437765222319, 0.2420065876961203, 0.23048246447249554, 0.22000598881465483, 0.21044051104010461, 0.20167215641343358, 0.19360527015689624], "N": 4}